{
    "time": 1621840215,
    "temperature": 45.24895,
    "humidity": 31.964598,
    "serialNumber": 995346
}
{
    "time": 1621840216,
    "temperature": 33.95023,
    "humidity": 28.674273,
    "serialNumber":"995346"

{
    "time": 1621840217,
    "temperature": 16.943014,
    "humidity": 70.17383,
    "serialNumber":"995346"
}
{
    "time": 1621840218,
    "temperature": 10.698706,
    "humidity": 51.969757,
    "serialNumber":"995346"
}
{
    "time": 1621840219,
    "temperature": 18.351866,
    "humidity": 21.629358,
    "serialNumber":"995346"
}

{
    "time": 1621840220,
    "temperature": 29.950842,
    "humidity": 48.944763,
    "serialNumber":"995346"
}
{
    "time": 1621840221,
    "temperature": 47.7504,
    "humidity": 38.40039,
    "serialNumber":"995346"
}
{
    "time": 1621840222,
    "temperature": 4.4550996,
    "humidity": 64.74185,
    "serialNumber":"995346"
}
{
    "time": 1621840223,
    "temperature": 39.8421,
    "humidity": 51.96631,
    "serialNumber":"995346"
}
{
    "time": 1621840224,
    "temperature": 13.312699,
    "humidity": 59.277035,
    "serialNumber":"995346"
}
{
    "time": 1621840225,
    "temperature": 15.1523,
    "humidity": 83.381546,
    "serialNumber":"995346"
}
{
    "time": 16218402206,
    "temperature": 48.839535,
    "humidity": 66.90772,
    "serialNumber":"995346"
}
{
    "time": 1621840227,
    "temperature": 44.085083,
    "humidity": 31.10821,
    "serialNumber":"995346"
}
{
    "time": 1621840228,
    "temperature": 49.540012,
    "humidity": 68.55325,
    "serialNumber":"995346"
}
{
    "time": 1621840229,
    "temperature": 46.44966,
    "humidity": 43.26421,
    "serialNumber":"995346"
}
{
    "time": 1621840230,
    "temperature": 46.053352,
    "humidity": 79.617455,
    "serialNumber":"995346"
}
